{
  "project_info": {
    "project_number": "476266512743",
    "firebase_url": "https://local-chat-dc881.firebaseio.com",
    "project_id": "local-chat-dc881",
    "storage_bucket": "local-chat-dc881.appspot.com"
  },
  "client": [
    {
      "client_info": {
        "mobilesdk_app_id": "1:476266512743:android:092dfc456dfcae53",
        "android_client_info": {
          "package_name": "site.paulo.localchat"
        }
      },
      "oauth_client": [
        {
          "client_id": "476266512743-qlch16tkuo7nmupah7pu0rq5doh5h0u1.apps.googleusercontent.com",
          "client_type": 1,
          "android_info": {
            "package_name": "site.paulo.localchat",
            "certificate_hash": "1435dd88be3ab08d17b2efe65aa80b971838e2fc"
          }
        },
        {
          "client_id": "476266512743-eq6ms1gnbeeiu3blml3fq5v0ef45ds8u.apps.googleusercontent.com",
          "client_type": 1,
          "android_info": {
            "package_name": "site.paulo.localchat",
            "certificate_hash": "b858a48f2ebc0b05f0c002e2e525a7916cd1aed1"
          }
        },
        {
          "client_id": "476266512743-jdl01u7iud5k5e1n0f7lofv9md6161cv.apps.googleusercontent.com",
          "client_type": 3
        }
      ],
      "api_key": [
        {
          "current_key": "AIzaSyAEIntrXDphrom0Bujy2Re090Z1RQkDtgw"
        }
      ],
      "services": {
        "appinvite_service": {
          "other_platform_oauth_client": [
            {
              "client_id": "476266512743-jdl01u7iud5k5e1n0f7lofv9md6161cv.apps.googleusercontent.com",
              "client_type": 3
            }
          ]
        }
      }
    }
  ],
  "configuration_version": "1"
}